{"cameraMode":{"drawMode":0,"name":"Shaded","section":"Shading Mode"},"sceneLighting":false,"audioPlay":false,"sceneViewState":{"showFog":true,"showMaterialUpdate":false,"showSkybox":false,"showFlares":true,"showImageEffects":true,"showParticleSystems":true},"in2DMode":false,"pivot":{"x":0.3999999761581421,"y":20.920000076293947,"z":-3.7096524238586427},"rotation":{"x":0.5536310076713562,"y":-0.32126304507255556,"z":0.24431860446929933,"w":0.7286712527275086},"size":7.02940559387207,"orthographic":false}