{"cameraMode":{"drawMode":0,"name":"Shaded","section":"Shading Mode"},"sceneLighting":false,"audioPlay":false,"sceneViewState":{"showFog":true,"showMaterialUpdate":false,"showSkybox":false,"showFlares":true,"showImageEffects":true,"showParticleSystems":true},"in2DMode":false,"pivot":{"x":-15.729999542236329,"y":6.300000190734863,"z":0.08000004291534424},"rotation":{"x":-0.0506148636341095,"y":0.7432346940040588,"z":-0.05368758738040924,"w":-0.665433406829834},"size":3.033600091934204,"orthographic":false}