{"cameraMode":{"drawMode":0,"name":"Shaded","section":"Shading Mode"},"sceneLighting":true,"audioPlay":false,"sceneViewState":{"showFog":true,"showMaterialUpdate":false,"showSkybox":false,"showFlares":true,"showImageEffects":true,"showParticleSystems":true},"in2DMode":false,"pivot":{"x":0.0,"y":11.369998931884766,"z":-2.6800003051757814},"rotation":{"x":-0.15574650466442109,"y":0.01012770552188158,"z":-0.0009899345459416509,"w":-0.9882858991622925},"size":12.12435531616211,"orthographic":false}