{"cameraMode":{"drawMode":0,"name":"Shaded","section":"Shading Mode"},"sceneLighting":false,"audioPlay":false,"sceneViewState":{"showFog":true,"showMaterialUpdate":false,"showSkybox":false,"showFlares":true,"showImageEffects":true,"showParticleSystems":true},"in2DMode":false,"pivot":{"x":3.563011884689331,"y":5.382458686828613,"z":0.029096707701683046},"rotation":{"x":0.2363407015800476,"y":-0.7527757883071899,"z":0.35423630475997927,"w":0.5023437738418579},"size":1.9053640365600587,"orthographic":false}