{"cameraMode":{"drawMode":0,"name":"Shaded","section":"Shading Mode"},"sceneLighting":true,"audioPlay":false,"sceneViewState":{"showFog":true,"showMaterialUpdate":false,"showSkybox":false,"showFlares":true,"showImageEffects":true,"showParticleSystems":true},"in2DMode":false,"pivot":{"x":0.0,"y":7.4670000076293949,"z":1.182999849319458},"rotation":{"x":-0.33492225408554079,"y":0.46800509095191958,"z":-0.19494974613189698,"w":-0.7946480512619019},"size":12.12435531616211,"orthographic":false}