{"cameraMode":{"drawMode":0,"name":"Shaded","section":"Shading Mode"},"sceneLighting":true,"audioPlay":false,"sceneViewState":{"showFog":true,"showMaterialUpdate":false,"showSkybox":false,"showFlares":true,"showImageEffects":true,"showParticleSystems":true},"in2DMode":false,"pivot":{"x":6.594799995422363,"y":8.862000465393067,"z":1.179457187652588},"rotation":{"x":0.22444671392440797,"y":-0.5224490761756897,"z":0.14474932849407197,"w":0.80998694896698},"size":0.043301090598106387,"orthographic":false}