{"cameraMode":{"drawMode":0,"name":"Shaded","section":"Shading Mode"},"sceneLighting":false,"audioPlay":false,"sceneViewState":{"showFog":true,"showMaterialUpdate":false,"showSkybox":false,"showFlares":true,"showImageEffects":true,"showParticleSystems":true},"in2DMode":false,"pivot":{"x":-23.783180236816408,"y":7.200606346130371,"z":-2.708343029022217},"rotation":{"x":-0.17049618065357209,"y":-0.010880203917622567,"z":0.004797976464033127,"w":-0.9857276678085327},"size":0.5404502153396606,"orthographic":false}