{"cameraMode":{"drawMode":0,"name":"Shaded","section":"Shading Mode"},"sceneLighting":false,"audioPlay":false,"sceneViewState":{"showFog":true,"showMaterialUpdate":false,"showSkybox":false,"showFlares":true,"showImageEffects":true,"showParticleSystems":true},"in2DMode":false,"pivot":{"x":3.487847328186035,"y":5.66903829574585,"z":38.10265350341797},"rotation":{"x":-0.22509820759296418,"y":0.5858835577964783,"z":-0.1739591807126999,"w":-0.7595571279525757},"size":1.3152203559875489,"orthographic":false}