{"cameraMode":{"drawMode":0,"name":"Shaded","section":"Shading Mode"},"sceneLighting":false,"audioPlay":false,"sceneViewState":{"showFog":true,"showMaterialUpdate":false,"showSkybox":false,"showFlares":true,"showImageEffects":true,"showParticleSystems":true},"in2DMode":false,"pivot":{"x":-25.85989761352539,"y":6.478896141052246,"z":-0.36989057064056399},"rotation":{"x":0.05523326247930527,"y":-0.5295034050941467,"z":0.03103630617260933,"w":0.8463831543922424},"size":0.8969501852989197,"orthographic":false}