{"cameraMode":{"drawMode":0,"name":"Shaded","section":"Shading Mode"},"sceneLighting":false,"audioPlay":false,"sceneViewState":{"showFog":true,"showMaterialUpdate":false,"showSkybox":false,"showFlares":true,"showImageEffects":true,"showParticleSystems":true},"in2DMode":false,"pivot":{"x":-0.00613892637193203,"y":0.06387391686439514,"z":0.004427049309015274},"rotation":{"x":-0.03993161767721176,"y":-0.9525355100631714,"z":0.15053941309452058,"w":-0.2633313536643982},"size":0.07415775954723358,"orthographic":false}