{"cameraMode":{"drawMode":0,"name":"Shaded","section":"Shading Mode"},"sceneLighting":true,"audioPlay":false,"sceneViewState":{"showFog":true,"showMaterialUpdate":false,"showSkybox":false,"showFlares":true,"showImageEffects":true,"showParticleSystems":true},"in2DMode":false,"pivot":{"x":1.7200002670288087,"y":2.8700003623962404,"z":0.03400015830993652},"rotation":{"x":-0.47017157077789309,"y":-0.01593012362718582,"z":0.009137977845966816,"w":-0.8829894065856934},"size":11.188881874084473,"orthographic":false}