{"cameraMode":{"drawMode":0,"name":"Shaded","section":"Shading Mode"},"sceneLighting":true,"audioPlay":false,"sceneViewState":{"showFog":true,"showMaterialUpdate":false,"showSkybox":false,"showFlares":true,"showImageEffects":true,"showParticleSystems":true},"in2DMode":false,"pivot":{"x":1.7030000686645508,"y":3.174316167831421,"z":0.029999732971191407},"rotation":{"x":-0.061101194471120837,"y":0.7208862900733948,"z":-0.06434789299964905,"w":-0.6881632804870606},"size":12.12435531616211,"orthographic":false}